カ変	基本形	くる	クル	クル
カ変	未然形	こ	コ	コ
カ変	意志推量形	こよう	コヨウ	コヨー
カ変	意志推量-短形	こよ	コヨ	コヨ
カ変	意志推量-促音	こよっ	コヨッ	コヨッ
カ変	連用形	き	キ	キ
カ変	仮定形	くれ	クレ	クレ
カ変	仮定特殊	これ	コレ	コレ
カ変	命令ｙｏ	こよ	コヨ	コヨ
カ変	命令ｉ	こい	コイ	コイ
カ変	仮定縮約１	くりゃ	クリャ	クリャ
カ変	仮定縮約１-長音	くりゃあ	クリャア	クリャー
カ変	体言接続特殊	くん	クン	クン
カ変	体言接続特殊２	く	ク	ク
サ変・スル	基本形	する	スル	スル
サ変・スル	文語基本形	す	ス	ス
サ変・スル	未然形	し	シ	シ
サ変・スル	意志推量形	しよう	シヨウ	シヨー
サ変・スル	意志推量-短形	しよ	シヨ	シヨ
サ変・スル	意志推量-促音	しよっ	シヨッ	シヨッ
サ変・スル	未然レル接続	さ	サ	サ
サ変・スル	未然ヌ接続	せ	セ	セ
サ変・スル	連用形	し	シ	シ
サ変・スル	仮定形	すれ	スレ	スレ
サ変・スル	命令ｙｏ	せよ	セヨ	セヨ
サ変・スル	命令ｒｏ	しろ	シロ	シロ
サ変・スル	命令ｉ	せい	セイ	セイ
サ変・スル	仮定縮約１	すりゃ	スリャ	スリャ
サ変・スル	仮定縮約１-長音	すりゃあ	スリャア	スリャー
サ変・スル	体言接続特殊	すん	スン	スン
サ変・スル	体言接続特殊２	す	ス	ス
サ変・−スル	基本形	する	スル	スル
サ変・−スル	文語基本形	す	ス	ス
サ変・−スル	未然形	し	シ	シ
サ変・−スル	連用形	し	シ	シ
サ変・−スル	意志推量形	しよう	シヨウ	シヨー
サ変・−スル	意志推量-短形	しよ	シヨ	シヨ
サ変・−スル	意志推量-促音	しよっ	シヨッ	シヨッ
サ変・−スル	未然レル接続	せ	セ	セ
サ変・−スル	未然ヌ接続	せ	セ	セ
サ変・−スル	仮定形	すれ	スレ	スレ
サ変・−スル	命令ｙｏ	せよ	セヨ	セヨ
サ変・−スル	仮定縮約１	すりゃ	スリャ	スリャ
サ変・−スル	仮定縮約１-長音	すりゃあ	スリャア	スリャー
サ変・−ズル	基本形	ずる	ズル	ズル
サ変・−ズル	文語基本形	ず	ズ	ズ
サ変・−ズル	未然形	ぜ	ゼ	ゼ
サ変・−ズル	意志推量形	ぜよう	ゼヨウ	ゼヨー
サ変・−ズル	未然レル接続	ぜ	ゼ	ゼ
サ変・−スル	未然ヌ接続	ぜ	ゼ	ゼ
サ変・−ズル	仮定形	ずれ	ズレ	ズレ
サ変・−ズル	命令ｙｏ	ぜよ	ゼヨ	ゼヨ
サ変・−ズル	仮定縮約１	ずりゃ	ズリャ	ズリャ
サ変・−ズル	仮定縮約１-長音	ずりゃあ	ズリャア	ズリャー
一段	基本形	る	ル	ル
一段	未然形	*	*	*
一段	意志推量形	よう	ヨウ	ヨー
一段	意志推量-短形	よ	ヨ	ヨ
一段	意志推量-促音	よっ	ヨッ	ヨッ
一段	連用形	*	*	*
一段	仮定形	れ	レ	レ
一段	命令ｙｏ	よ	ヨ	ヨ
一段	命令ｒｏ	ろ	ロ	ロ
一段	仮定縮約１	りゃ	リャ	リャ
一段	仮定縮約１-長音	りゃあ	リャア	リャー
一段	体言接続特殊	ん	ン	ン
一段	体言接続特殊２	*	*	*
一段・病メル	基本形	る	ル	ル
五段・カ行イ音便	基本形	く	ク	ク
五段・カ行イ音便	未然形	か	カ	カ
五段・カ行イ音便	意志推量形	こう	コウ	コー
五段・カ行イ音便	意志推量-短形	こ	コ	コ
五段・カ行イ音便	意志推量-促音	こっ	コッ	コッ
五段・カ行イ音便	連用形	き	キ	キ
五段・カ行イ音便	連用タ接続	い	イ	イ
五段・カ行イ音便	仮定形	け	ケ	ケ
五段・カ行イ音便	命令ｅ	け	ケ	ケ
五段・カ行イ音便	仮定縮約１	きゃ	キャ	キャ
五段・カ行イ音便	仮定縮約１-長音	きゃあ	キャア	キャー
五段・カ行促音便	基本形	く	ク	ク
五段・カ行促音便	未然形	か	カ	カ
五段・カ行促音便	意志推量形	こう	コウ	コー
五段・カ行促音便	意志推量-短形	こ	コ	コ
五段・カ行促音便	意志推量-促音	こっ	コッ	コッ
五段・カ行促音便	連用形	き	キ	キ
五段・カ行促音便	連用タ接続	っ	ッ	ッ
五段・カ行促音便	仮定形	け	ケ	ケ
五段・カ行促音便	命令ｅ	け	ケ	ケ
五段・カ行促音便	仮定縮約１	きゃ	キャ	キャ
五段・カ行促音便	仮定縮約１-長音	きゃあ	キャア	キャー
五段・カ行促音便ユク	基本形	く	ク	ク
五段・カ行促音便ユク	未然形	か	カ	カ
五段・カ行促音便ユク	意志推量形	こう	コウ	コー
五段・カ行促音便ユク	意志推量-短形	こ	コ	コ
五段・カ行促音便ユク	意志推量-促音	こっ	コッ	コッ
五段・カ行促音便ユク	連用形	き	キ	キ
五段・カ行促音便ユク	仮定形	け	ケ	ケ
五段・カ行促音便ユク	命令ｅ	け	ケ	ケ
五段・カ行促音便ユク	仮定縮約１	きゃ	キャ	キャ
五段・カ行促音便ユク	仮定縮約１-長音	きゃあ	キャア	キャー
五段・ガ行	基本形	ぐ	グ	グ
五段・ガ行	未然形	が	ガ	ガ
五段・ガ行	意志推量形	ごう	ゴウ	ゴー
五段・ガ行	意志推量-短形	ご	ゴ	ゴ
五段・ガ行	意志推量-促音	ごっ	ゴッ	ゴッ
五段・ガ行	連用形	ぎ	ギ	ギ
五段・ガ行	連用タ接続	い	イ	イ
五段・ガ行	仮定形	げ	ゲ	ゲ
五段・ガ行	命令ｅ	げ	ゲ	ゲ
五段・ガ行	仮定縮約１	ぎゃ	ギャ	ギャ
五段・ガ行	仮定縮約１-長音	ぎゃあ	ギャア	ギャー
五段・サ行	基本形	す	ス	ス
五段・サ行	未然形	さ	サ	サ
五段・サ行	意志推量形	そう	ソウ	ソー
五段・サ行	意志推量-短形	そ	ソ	ソ
五段・サ行	意志推量-促音	そっ	ソッ	ソッ
五段・サ行	連用形	し	シ	シ
五段・サ行	仮定形	せ	セ	セ
五段・サ行	命令ｅ	せ	セ	セ
五段・サ行	仮定縮約１	しゃ	シャ	シャ
五段・サ行	仮定縮約１-長音	しゃあ	シャア	シャー
五段・タ行	基本形	つ	ツ	ツ
五段・タ行	未然形	た	タ	タ
五段・タ行	意志推量形	とう	トウ	トー
五段・タ行	意志推量-短形	と	ト	ト
五段・タ行	意志推量-促音	とっ	トッ	トッ
五段・タ行	連用形	ち	チ	チ
五段・タ行	連用タ接続	っ	ッ	ッ
五段・タ行	仮定形	て	テ	テ
五段・タ行	命令ｅ	て	テ	テ
五段・タ行	仮定縮約１	ちゃ	チャ	チャ
五段・タ行	仮定縮約１-長音	ちゃあ	チャア	チャー
五段・ナ行	基本形	ぬ	ヌ	ヌ
五段・ナ行	未然形	な	ナ	ナ
五段・ナ行	意志推量形	のう	ノウ	ノー
五段・ナ行	意志推量-短形	の	ノ	ノ
五段・ナ行	意志推量-促音	のっ	ノッ	ノッ
五段・ナ行	連用形	に	ニ	ニ
五段・ナ行	連用タ接続	ん	ン	ン
五段・ナ行	仮定形	ね	ネ	ネ
五段・ナ行	命令ｅ	ね	ネ	ネ
五段・ナ行	仮定縮約１	にゃ	ニャ	ニャ
五段・ナ行	仮定縮約１-長音	にゃあ	ニャア	ニャー
五段・バ行	基本形	ぶ	ブ	ブ
五段・バ行	未然形	ば	バ	バ
五段・バ行	意志推量形	ぼう	ボウ	ボー
五段・バ行	意志推量-短形	ぼ	ボ	ボ
五段・バ行	意志推量-促音	ぼっ	ボッ	ボッ
五段・バ行	連用形	び	ビ	ビ
五段・バ行	連用タ接続	ん	ン	ン
五段・バ行	仮定形	べ	ベ	ベ
五段・バ行	命令ｅ	べ	ベ	ベ
五段・バ行	仮定縮約１	びゃ	ビャ	ビャ
五段・バ行	仮定縮約１-長音	びゃあ	ビャア	ビャー
五段・マ行	基本形	む	ム	ム
五段・マ行	未然形	ま	マ	マ
五段・マ行	意志推量形	もう	モウ	モー
五段・マ行	意志推量-短形	も	モ	モ
五段・マ行	意志推量-促音	もっ	モッ	モッ
五段・マ行	連用形	み	ミ	ミ
五段・マ行	連用タ接続	ん	ン	ン
五段・マ行	仮定形	め	メ	メ
五段・マ行	命令ｅ	め	メ	メ
五段・マ行	仮定縮約１	みゃ	ミャ	ミャ
五段・マ行	仮定縮約１-長音	みゃあ	ミャア	ミャー
五段・ラ行	基本形	る	ル	ル
五段・ラ行	未然形	ら	ラ	ラ
五段・ラ行	未然特殊	ん	ン	ン
五段・ラ行	意志推量形	ろう	ロウ	ロー
五段・ラ行	意志推量-短形	ろ	ロ	ロ
五段・ラ行	意志推量-促音	ろっ	ロッ	ロッ
五段・ラ行	連用形	り	リ	リ
五段・ラ行	連用タ接続	っ	ッ	ッ
五段・ラ行	仮定形	れ	レ	レ
五段・ラ行	命令ｅ	れ	レ	レ
五段・ラ行	仮定縮約１	りゃ	リャ	リャ
五段・ラ行	仮定縮約１-長音	りゃあ	リャア	リャー
五段・ラ行	体言接続特殊	ん	ン	ン
五段・ラ行	体言接続特殊２	*	*	*
五段・ラ行アル	基本形	る	ル	ル
五段・ラ行アル	未然形	ら	ラ	ラ
五段・ラ行アル	意志推量形	ろう	ロウ	ロー
五段・ラ行アル	意志推量-短形	ろ	ロ	ロ
五段・ラ行アル	意志推量-促音	ろっ	ロッ	ロッ
五段・ラ行アル	連用形	り	リ	リ
五段・ラ行アル	連用タ接続	っ	ッ	ッ
五段・ラ行アル	仮定形	れ	レ	レ
五段・ラ行アル	命令ｅ	れ	レ	レ
五段・ラ行アル	仮定縮約１	りゃ	リャ	リャ
五段・ラ行アル	仮定縮約１-長音	りゃあ	リャア	リャー
五段・ラ行アル	体言接続特殊	ん	ン	ン
五段・ラ行特殊	基本形	る	ル	ル
五段・ラ行特殊	未然形	ら	ラ	ラ
五段・ラ行特殊	未然特殊	ん	ン	ン
五段・ラ行特殊	意志推量形	ろう	ロウ	ロー
五段・ラ行特殊	意志推量-短形	ろ	ロ	ロ
五段・ラ行特殊	意志推量-促音	ろっ	ロッ	ロッ
五段・ラ行特殊	連用形	い	イ	イ
五段・ラ行特殊	非音便連用形	り	リ	リ
五段・ラ行特殊	連用タ接続	っ	ッ	ッ
五段・ラ行特殊	仮定形	れ	レ	レ
五段・ラ行特殊	命令ｅ	れ	レ	レ
五段・ラ行特殊	命令ｉ	い	イ	イ
五段・ラ行特殊	仮定縮約１	りゃ	リャ	リャ
五段・ラ行特殊	仮定縮約１-長音	りゃあ	リャア	リャー
五段・ワ行ウ音便	基本形	う	ウ	ウ
五段・ワ行ウ音便	未然形	わ	ワ	ワ
五段・ワ行ウ音便	意志推量形	おう	オウ	オー
五段・ワ行ウ音便	意志推量-短形	お	オ	オ
五段・ワ行ウ音便	意志推量-促音	おっ	オッ	オッ
五段・ワ行ウ音便	連用形	い	イ	イ
五段・ワ行ウ音便	連用タ接続	う	ウ	ー
五段・ワ行ウ音便	仮定形	え	エ	エ
五段・ワ行ウ音便	命令ｅ	え	エ	エ
五段・ワ行促音便	基本形	う	ウ	ウ
五段・ワ行促音便	未然形	わ	ワ	ワ
五段・ワ行促音便	意志推量形	おう	オウ	オー
五段・ワ行促音便	意志推量-短形	お	オ	オ
五段・ワ行促音便	意志推量-促音	おっ	オッ	オッ
五段・ワ行促音便	連用形	い	イ	イ
五段・ワ行促音便	連用タ接続	っ	ッ	ッ
五段・ワ行促音便	仮定形	え	エ	エ
五段・ワ行促音便	命令ｅ	え	エ	エ
四段・カ行	基本形	く	ク	ク
四段・カ行	未然形	か	カ	カ
四段・カ行	連用形	き	キ	キ
四段・カ行	仮定形	け	ケ	ケ
四段・カ行	命令ｅ	け	ケ	ケ
四段・ガ行	基本形	ぐ	グ	グ
四段・ガ行	未然形	が	ガ	ガ
四段・ガ行	連用形	ぎ	ギ	ギ
四段・ガ行	仮定形	げ	ゲ	ゲ
四段・ガ行	命令ｅ	げ	ゲ	ゲ
四段・サ行	基本形	す	ス	ス
四段・サ行	未然形	さ	サ	サ
四段・サ行	連用形	し	シ	シ
四段・サ行	仮定形	せ	セ	セ
四段・サ行	命令ｅ	せ	セ	セ
四段・タ行	基本形	つ	ツ	ツ
四段・タ行	未然形	た	タ	タ
四段・タ行	連用形	ち	チ	チ
四段・タ行	仮定形	て	テ	テ
四段・タ行	命令ｅ	て	テ	テ
四段・バ行	基本形	ぶ	ブ	ブ
四段・バ行	未然形	ば	バ	バ
四段・バ行	連用形	び	ビ	ビ
四段・バ行	仮定形	べ	ベ	ベ
四段・バ行	命令ｅ	べ	ベ	ベ
四段・マ行	基本形	む	ム	ム
四段・マ行	未然形	ま	マ	マ
四段・マ行	連用形	み	ミ	ミ
四段・マ行	仮定形	め	メ	メ
四段・マ行	命令ｅ	め	メ	メ
四段・ラ行	基本形	る	ル	ル
四段・ラ行	未然形	ら	ラ	ラ
四段・ラ行	連用形	り	リ	リ
四段・ラ行	仮定形	れ	レ	レ
四段・ラ行	命令ｅ	れ	レ	レ
四段・ハ行	基本形	ふ	フ	フ
四段・ハ行	未然形	は	ハ	ハ
四段・ハ行	連用形	ひ	ヒ	ヒ
四段・ハ行	仮定形	へ	ヘ	ヘ
四段・ハ行	命令ｅ	へ	ヘ	ヘ
ラ変	基本形	り	リ	リ
ラ変	未然形	ら	ラ	ラ
ラ変	連用形	り	リ	リ
ラ変	体言接続	る	ル	ル
ラ変	仮定形	れ	レ	レ
ラ変	命令ｅ	れ	レ	レ
上二・ダ行	基本形	づ	ヅ	ヅ
上二・ダ行	現代基本形	ず	ズ	ズ
上二・ダ行	未然形	ぢ	ヂ	ヂ
上二・ダ行	連用形	ぢ	ヂ	ヂ
上二・ダ行	体言接続	づる	ヅル	ヅル
上二・ダ行	仮定形	づれ	ヅレ	ヅレ
上二・ダ行	命令ｙｏ	ぢよ	ヂヨ	ヂヨ
上二・ハ行	基本形	ふ	フ	フ
上二・ハ行	未然形	ひ	ヒ	ヒ
上二・ハ行	連用形	ひ	ヒ	ヒ
上二・ハ行	体言接続	ふる	フル	フル
上二・ハ行	仮定形	ふれ	フレ	フレ
上二・ハ行	命令ｙｏ	ひよ	ヒヨ	ヒヨ
下二・ア行	基本形	う	ウ	ウ
下二・ア行	未然形	え	エ	エ
下二・ア行	連用形	え	エ	エ
下二・ア行	体言接続	うる	ウル	ウル
下二・ア行	仮定形	うれ	ウレ	ウレ
下二・ア行	命令ｙｏ	えよ	エヨ	エヨ
下二・カ行	基本形	く	ク	ク
下二・カ行	未然形	け	ケ	ケ
下二・カ行	連用形	け	ケ	ケ
下二・カ行	体言接続	くる	クル	クル
下二・カ行	仮定形	くれ	クレ	クレ
下二・カ行	命令ｙｏ	けよ	ケヨ	ケヨ
下二・ガ行	基本形	ぐ	グ	グ
下二・ガ行	未然形	げ	ゲ	ゲ
下二・ガ行	連用形	げ	ゲ	ゲ
下二・ガ行	体言接続	ぐる	グル	グル
下二・ガ行	仮定形	ぐれ	グレ	グレ
下二・ガ行	命令ｙｏ	げよ	ゲヨ	ゲヨ
下二・サ行	基本形	す	ス	ス
下二・サ行	未然形	せ	セ	セ
下二・サ行	連用形	せ	セ	セ
下二・サ行	体言接続	する	スル	スル
下二・サ行	仮定形	すれ	スレ	スレ
下二・サ行	命令ｙｏ	せよ	セヨ	セヨ
下二・ザ行	基本形	ず	ズ	ズ
下二・ザ行	未然形	ぜ	ゼ	ゼ
下二・ザ行	連用形	ぜ	ゼ	ゼ
下二・ザ行	体言接続	ずる	ズル	ズル
下二・ザ行	仮定形	ずれ	ズレ	ズレ
下二・ザ行	命令ｙｏ	ぜよ	ゼヨ	ゼヨ
下二・タ行	基本形	つ	ツ	ツ
下二・タ行	未然形	て	テ	テ
下二・タ行	連用形	て	テ	テ
下二・タ行	体言接続	つる	ツル	ツル
下二・タ行	仮定形	つれ	ツレ	ツレ
下二・タ行	命令ｙｏ	てよ	テヨ	テヨ
下二・ダ行	基本形	づ	ヅ	ヅ
下二・ダ行	未然形	で	デ	デ
下二・ダ行	連用形	で	デ	デ
下二・ダ行	体言接続	づる	ヅル	ヅル
下二・ダ行	仮定形	づれ	ヅレ	ヅレ
下二・ダ行	命令ｙｏ	でよ	デヨ	デヨ
下二・ナ行	基本形	ぬ	ヌ	ヌ
下二・ナ行	未然形	ね	ネ	ネ
下二・ナ行	連用形	ね	ネ	ネ
下二・ナ行	体言接続	ぬる	ヌル	ヌル
下二・ナ行	仮定形	ぬれ	ヌレ	ヌレ
下二・ナ行	命令ｙｏ	ねよ	ネヨ	ネヨ
下二・ハ行	基本形	ふ	フ	フ
下二・ハ行	未然形	へ	ヘ	ヘ
下二・ハ行	連用形	へ	ヘ	ヘ
下二・ハ行	体言接続	ふる	フル	フル
下二・ハ行	仮定形	ふれ	フレ	フレ
下二・ハ行	命令ｙｏ	へよ	ヘヨ	ヘヨ
下二・バ行	基本形	ぶ	ブ	ブ
下二・バ行	未然形	べ	ベ	ベ
下二・バ行	連用形	べ	ベ	ベ
下二・バ行	体言接続	ぶる	ブル	ブル
下二・バ行	仮定形	ぶれ	ブレ	ブレ
下二・バ行	命令ｙｏ	べよ	ベヨ	ベヨ
下二・マ行	基本形	む	ム	ム
下二・マ行	未然形	め	メ	メ
下二・マ行	連用形	め	メ	メ
下二・マ行	体言接続	むる	ムル	ムル
下二・マ行	仮定形	むれ	ムレ	ムレ
下二・マ行	命令ｙｏ	めよ	メヨ	メヨ
下二・ヤ行	基本形	ゆ	ユ	ユ
下二・ヤ行	未然形	え	エ	エ
下二・ヤ行	連用形	え	エ	エ
下二・ヤ行	体言接続	ゆる	ユル	ユル
下二・ヤ行	仮定形	ゆれ	ユレ	ユレ
下二・ヤ行	命令ｙｏ	えよ	エヨ	エヨ
下二・ラ行	基本形	る	ル	ル
下二・ラ行	未然形	れ	レ	レ
下二・ラ行	連用形	れ	レ	レ
下二・ラ行	体言接続	るる	ルル	ルル
下二・ラ行	仮定形	るれ	ルレ	ルレ
下二・ラ行	命令ｙｏ	れよ	レヨ	レヨ
下二・ワ行	基本形	う	ウ	ウ
下二・ワ行	未然形	ゑ	ヱ	エ
下二・ワ行	連用形	ゑ	ヱ	エ
下二・ワ行	体言接続	うる	ウル	ウル
下二・ワ行	仮定形	うれ	ウレ	ウレ
下二・ワ行	命令ｙｏ	ゑよ	ヱヨ	エヨ
下二・得	基本形	得	ウ	ウ
下二・得	未然形	得	エ	エ
下二・得	連用形	得	エ	エ
下二・得	体言接続	得る	ウル	ウル
下二・得	仮定形	得れ	ウレ	ウレ
下二・得	命令ｙｏ	得よ	エヨ	エヨ
一段・クレル	基本形	れる	レル	レル
一段・クレル	未然形	れ	レ	レ
一段・クレル	未然特殊	ん	ン	ン
一段・クレル	意志推量形	れよう	レヨウ	レヨー
一段・クレル	意志推量-短形	れよ	レヨ	レヨ
一段・クレル	意志推量-促音	れよっ	レヨッ	レヨッ
一段・クレル	連用形	れ	レ	レ
一段・クレル	仮定形	れれ	レレ	レレ
一段・クレル	命令ｅ	れ	レ	レ
一段・クレル	命令ｙｏ	れよ	レヨ	レヨ
一段・クレル	命令ｒｏ	れろ	レロ	レロ
一段・クレル	仮定縮約１	れりゃ	レリャ	レリャ
一段・クレル	仮定縮約１-長音	れりゃあ	レリャア	レリャー
特殊・シレル	基本形	れる	レル	レル
特殊・シレル	未然形	れ	レ	レ
特殊・シレル	未然特殊	ん	ン	ン
特殊・シレル	連用形	れ	レ	レ
形容詞・アウオ段	基本形	い	イ	イ
形容詞・アウオ段	文語基本形	し	シ	シ
形容詞・アウオ段	未然ヌ接続	から	カラ	カラ
形容詞・アウオ段	意志推量形	かろう	カロウ	カロー
形容詞・アウオ段	意志推量-短形	かろ	カロ	カロ
形容詞・アウオ段	連用タ接続	かっ	カッ	カッ
形容詞・アウオ段	連用テ接続	く	ク	ク
形容詞・アウオ段	連用テ接続-促音	くっ	クッ	クッ
形容詞・アウオ段	連用ゴザイ接続	う	ウ	ウ
形容詞・アウオ段	体言接続	き	キ	キ
形容詞・アウオ段	仮定形	けれ	ケレ	ケレ
形容詞・アウオ段	命令ｅ	かれ	カレ	カレ
形容詞・アウオ段	仮定縮約１	けりゃ	ケリャ	ケリャ
形容詞・アウオ段	仮定縮約１-長音	けりゃあ	ケリャア	ケリャー
形容詞・アウオ段	仮定縮約２	きゃ	キャ	キャ
形容詞・アウオ段	仮定縮約２-長音	きゃあ	キャア	キャー
形容詞・アウオ段	ガル接続	*	*	*
形容詞・イ段	基本形	い	イ	イ
形容詞・イ段	文語基本形	*	*	*
形容詞・イ段	未然ヌ接続	から	カラ	カラ
形容詞・イ段	意志推量形	かろう	カロウ	カロー
形容詞・イ段	意志推量-短形	かろ	カロ	カロ
形容詞・イ段	連用タ接続	かっ	カッ	カッ
形容詞・イ段	連用テ接続	く	ク	ク
形容詞・イ段	連用テ接続-促音	くっ	クッ	クッ
形容詞・イ段	連用ゴザイ接続	ゅう	ュウ	ュー
形容詞・イ段	体言接続	き	キ	キ
形容詞・イ段	仮定形	けれ	ケレ	ケレ
形容詞・イ段	命令ｅ	かれ	カレ	カレ
形容詞・イ段	仮定縮約１	けりゃ	ケリャ	ケリャ
形容詞・イ段	仮定縮約１-長音	けりゃあ	ケリャア	ケリャー
形容詞・イ段	仮定縮約２	きゃ	キャ	キャ
形容詞・イ段	仮定縮約２-長音	きゃあ	キャア	キャー
形容詞・イ段	ガル接続	*	*	*
形容詞・ナイ	基本形	ない	ナイ	ナイ
形容詞・ナイ	音便基本形	ねえ	ネエ	ネー
形容詞・ナイ	文語基本形	なし	ナシ	ナシ
形容詞・ナイ	未然ヌ接続	なから	ナカラ	ナカラ
形容詞・ナイ	意志推量形	なかろう	ナカロウ	ナカロー
形容詞・ナイ	意志推量-短形	なかろ	ナカロ	ナカロ
形容詞・ナイ	連用タ接続	なかっ	ナカッ	ナカッ
形容詞・ナイ	連用テ接続	なく	ナク	ナク
形容詞・ナイ	連用テ接続-促音	なくっ	ナクッ	ナクッ
形容詞・ナイ	連用デ接続	ない	ナイ	ナイ
形容詞・ナイ	連用ゴザイ接続	のう	ノウ	ノー
形容詞・ナイ	体言接続	なき	ナキ	ナキ
形容詞・ナイ	仮定形	なけれ	ナケレ	ナケレ
形容詞・ナイ	命令ｅ	なかれ	ナカレ	ナカレ
形容詞・ナイ	仮定縮約１	なけりゃ	ナケリャ	ナケリャ
形容詞・ナイ	仮定縮約１-長音	なけりゃあ	ナケリャア	ナケリャー
形容詞・ナイ	仮定縮約２	なきゃ	ナキャ	ナキャ
形容詞・ナイ	仮定縮約２-長音	なきゃあ	ナキャア	ナキャー
形容詞・ナイ	ガル接続	な	ナ	ナ
特殊・ナイ	基本形	ない	ナイ	ナイ
特殊・ナイ	音便基本形	ねえ	ネエ	ネー
特殊・ナイ	音便基本形-短形	ね	ネ	ネ
特殊・ナイ	文語基本形	なし	ナシ	ナシ
特殊・ナイ	未然ヌ接続	なから	ナカラ	ナカラ
特殊・ナイ	意志推量形	なかろう	ナカロウ	ナカロー
特殊・ナイ	意志推量-短形	なかろ	ナカロ	ナカロ
特殊・ナイ	連用タ接続	なかっ	ナカッ	ナカッ
特殊・ナイ	連用テ接続	なく	ナク	ナク
特殊・ナイ	連用テ接続-促音	なくっ	ナクッ	ナクッ
特殊・ナイ	連用デ接続	ない	ナイ	ナイ
特殊・ナイ	連用ゴザイ接続	のう	ノウ	ノー
特殊・ナイ	体言接続	なき	ナキ	ナキ
特殊・ナイ	仮定形	なけれ	ナケレ	ナケレ
特殊・ナイ	命令ｅ	なかれ	ナカレ	ナカレ
特殊・ナイ	仮定縮約１	なけりゃ	ナケリャ	ナケリャ
特殊・ナイ	仮定縮約１-長音	なけりゃあ	ナケリャア	ナケリャー
特殊・ナイ	仮定縮約２	なきゃ	ナキャ	ナキャ
特殊・ナイ	仮定縮約２-長音	なきゃあ	ナキャア	ナキャー
特殊・ナイ	ガル接続	な	ナ	ナ
特殊・タイ	基本形	たい	タイ	タイ
特殊・タイ	音便基本形	てえ	テエ	テー
特殊・タイ	文語基本形	たし	タシ	タシ
特殊・タイ	未然ヌ接続	たから	タカラ	タカラ
特殊・タイ	意志推量形	たかろう	タカロウ	タカロー
特殊・タイ	意志推量-短形	たかろ	タカロ	タカロ
特殊・タイ	連用タ接続	たかっ	タカッ	タカッ
特殊・タイ	連用テ接続	たく	タク	タク
特殊・タイ	連用テ接続-促音	たくっ	タクッ	タクッ
特殊・タイ	連用ゴザイ接続	とう	トウ	トー
特殊・タイ	体言接続	たき	タキ	タキ
特殊・タイ	仮定形	たけれ	タケレ	タケレ
特殊・タイ	仮定縮約１	たけりゃ	タケリャ	タケリャ
特殊・タイ	仮定縮約１-長音	たけりゃあ	タケリャア	タケリャー
特殊・タイ	仮定縮約２	たきゃ	タキャ	タキャ
特殊・タイ	仮定縮約２-長音	たきゃあ	タキャア	タキャー
特殊・タイ	ガル接続	た	タ	タ
特殊・タ	基本形	*	*	*
特殊・タ	意志推量形	ろう	ロウ	ロー
特殊・タ	意志推量-短形	ろ	ロ	ロ
特殊・タ	仮定形	ら	ラ	ラ
特殊・ダ	基本形	だ	ダ	ダ
特殊・ダ	意志推量形	だろう	ダロウ	ダロー
特殊・ダ	意志推量-短形	だろ	ダロ	ダロ
特殊・ダ	連用形	で	デ	デ
特殊・ダ	連用タ接続	だっ	ダッ	ダッ
特殊・ダ	体言接続	な	ナ	ナ
特殊・ダ	仮定形	なら	ナラ	ナラ
特殊・ダ	命令ｅ	なれ	ナレ	ナレ
特殊・デス	基本形	す	ス	ス
特殊・デス	意志推量形	しょう	ショウ	ショー
特殊・デス	意志推量-短形	しょ	ショ	ショ
特殊・デス	連用形	し	シ	シ
特殊・ジャ	基本形	*	*	*
特殊・ジャ	意志推量形	ろう	ロウ	ロー
特殊・ジャ	意志推量-短形	ろ	ロ	ロ
特殊・ジャ	連用形	っ	ッ	ッ
特殊・マス	基本形	す	ス	ス
特殊・マス	未然形	せ	セ	セ
特殊・マス	意志推量形	しょう	ショウ	ショー
特殊・マス	意志推量-短形	しょ	ショ	ショ
特殊・マス	連用形	し	シ	シ
特殊・マス	仮定形	すれ	スレ	スレ
特殊・マス	命令ｅ	せ	セ	セ
特殊・マス	命令ｉ	し	シ	シ
特殊・ヌ	基本形	ぬ	ヌ	ヌ
特殊・ヌ	文語基本形	ず	ズ	ズ
特殊・ヌ	連用形	ざり	ザリ	ザリ
特殊・ヌ	連用ニ接続	ず	ズ	ズ
特殊・ヌ	体言接続	ざる	ザル	ザル
特殊・ヌ	仮定形１	ね	ネ	ネ
特殊・ヌ	仮定形２	ざれ	ザレ	ザレ
特殊・ヌ	仮定形３	ずん	ズン	ズン
特殊・ヌ	仮定縮約	にゃ	ニャ	ニャ
特殊・ヌ	仮定縮約-長音	にゃあ	ニャア	ニャー
文語・ベシ	基本形	し	シ	シ
文語・ベシ	未然形	から	カラ	カラ
文語・ベシ	連用形	く	ク	ク
文語・ベシ	体言接続	き	キ	キ
文語・ベシ	仮定形	けれ	ケレ	ケレ
文語・ゴトシ	基本形	し	シ	シ
文語・ゴトシ	連用形	く	ク	ク
文語・ゴトシ	体言接続	き	キ	キ
文語・ナリ	基本形	り	リ	リ
文語・ナリ	未然形	ら	ラ	ラ
文語・ナリ	体言接続	る	ル	ル
文語・ナリ	仮定形	れ	レ	レ
文語・ナリ	命令ｅ	れ	レ	レ
文語・マジ	基本形	*	*	*
文語・マジ	連用形	く	ク	ク
文語・マジ	体言接続	き	キ	キ
文語・マジ	仮定形	けれ	ケレ	ケレ
文語・シム	基本形	む	ム	ム
文語・シム	未然形	め	メ	メ
文語・シム	連用形	め	メ	メ
文語・シム	体言接続	むる	ムル	ムル
文語・シム	仮定形	むれ	ムレ	ムレ
文語・シム	命令ｅ	むれ	ムレ	ムレ
文語・シム	命令ｙｏ	めよ	メヨ	メヨ
文語・キ	基本形	き	キ	キ
文語・キ	体言接続	し	シ	シ
文語・キ	命令ｅ	しか	シカ	シカ
文語・ケリ	基本形	り	リ	リ
文語・ケリ	体言接続	る	ル	ル
文語・リ	基本形	り	リ	リ
文語・リ	体言接続	る	ル	ル
文語・ル	基本形	る	ル	ル
文語・ル	未然形	れ	レ	レ
文語・ル	連用形	れ	レ	レ
文語・ル	体言接続	るる	ルル	ルル
文語・ル	仮定形	るれ	ルレ	ルレ
文語・ル	命令ｅ	るれ	ルレ	ルレ
文語・ル	命令ｙｏ	れよ	レヨ	レヨ
不変化型	基本形	*	*	*
形容詞・イイ	基本形	い	イ	イ
形容詞・イイ	基本形-促音便	いっ	イッ	イッ
特殊・ドス	基本形	す	ス	ス
一段・得ル	基本形	る	ル	ル
一段・得ル	仮定形	れ	レ	レ
特殊・ヤ	基本形	*	*	*
特殊・ヤ	意志推量形	ろう	ロウ	ロー
特殊・ヤ	意志推量-短形	ろ	ロ	ロ
特殊・ヤ	連用形	っ	ッ	ッ
特殊・イラス	基本形	す	ス	ス
特殊・イラス	連用形	し	シ	シ
